statNm,statId,chgerId,chgerType,addr,addrDetail,location,lat,lng,useTime,busiId,bnm,busiNm,busiCall,stat,statUpdDt,lastTsdt,lastTedt,nowTsdt,powerType,output,method,zcode,zscode,kind,kindDetail,parkingFree,note,limitYn,limitDetail,delYn,delDetail,trafficYn,year,floorNum,floorType,maker
광진문화예술회관,ME20A278,21,04,서울특별시 광진구 능동로 76,,,37.5375337,127.0705319,24시간 이용가능,ME,기후에너지환경부,기후에너지환경부,1661-9408,2,20260912222940,20260912000910,20260912003705,,,200,동시,11,11215,A0,A004,N,,N,,N,,N,2020,2,B,시그넷
광진문화예술회관,ME20A278,22,04,서울특별시 광진구 능동로 76,,,37.5375337,127.0705319,24시간 이용가능,ME,기후에너지환경부,기후에너지환경부,1661-9408,3,20260912223248,20260911233043,20260912001043,20260912220235,,200,동시,11,11215,A0,A004,N,,N,,N,,N,2020,2,B,시그넷
자양2동 유수지 주차장,ME21B168,01,04,서울특별시 광진구 뚝섬로52길 74-1,,,37.5299304,127.0770995,24시간 이용가능,ME,기후에너지환경부,기후에너지환경부,1661-9408,2,20260912223231,20260912134306,20260912142312,,,100,단독,11,11215,B0,B004,N,,N,,N,,N,2021,1,F,채비
보건복지행정타운(경기북부) 급속충전소,AM900009,01,04,서울특별시 광진구 능동로 400,,구내주차장,37.565011,127.0845968,24시간 이용가능,AM,아마노코리아,아마노코리아,1833-4577,2,20260912130631,20260911100938,20260911110913,,,100,동시,11,11215,A0,A003,N,,N,시설 상황에 따라 이용이 제한될 수 있음,N,,N,2022,2,B,이카플러그
보건복지행정타운(경기북부) 급속충전소,AM900009,11,04,서울특별시 광진구 능동로 400,,구내주차장,37.565011,127.0845968,24시간 이용가능,AM,아마노코리아,아마노코리아,1833-4577,2,20260911221341,20260911090908,20260911100928,,,100,동시,11,11215,A0,A003,N,,N,시설 상황에 따라 이용이 제한될 수 있음,N,,N,2022,2,B,이카플러그
서울 광진구 화양동 트레비앙오피스텔,BNBN0385,01,04,서울특별시 광진구 광나루로 374,지하 주차장,,37.547588639,127.07120968,24시간 이용가능,BN,블루네트웍스,(주)블루네트웍스,1833-9131,2,20260912025618,20260909225551,20260909235635,,,50,동시,11,11215,G0,G004,N,,N,시설 상황에 따라 이용이 제한될 수 있음,N,,N,2024,1,B,블루네트웍스
서울 광진구 화양동 트레비앙오피스텔,BNBN0385,02,04,서울특별시 광진구 광나루로 374,지하 주차장,,37.547588639,127.07120968,24시간 이용가능,BN,블루네트웍스,(주)블루네트웍스,1833-9131,2,20260912025618,20260909225551,20260909235635,,,50,동시,11,11215,G0,G004,N,,N,시설 상황에 따라 이용이 제한될 수 있음,N,,N,2024,1,F,블루네트웍스
서울광진구 구의2동복합청사,BNBN0581,01,04,서울특별시 광진구 천호대로136길 55,,,37.547454,127.089969,24시간 이용가능,BN,블루네트웍스,(주)블루네트웍스,1833-9131,2,20260912080606,20260912070937,20260912080541,,,50,동시,11,11215,G0,G004,N,,N,시설 상황에 따란 이용이 제한될 수 있음,N,,N,2024,1,F,블루네트웍스
서울광진구 구의2동복합청사,BNBN0581,02,04,서울특별시 광진구 천호대로136길 55,,,37.547454,127.089969,24시간 이용가능,BN,블루네트웍스,(주)블루네트웍스,1833-9131,2,20260912121206,20260912070937,20260912080541,,,50,동시,11,11215,G0,G004,N,,N,시설 상황에 따란 이용이 제한될 수 있음,N,,N,2024,1,F,블루네트웍스
서울광진구 구의2동복합청사,BNBN0581,03,04,서울특별시 광진구 천호대로136길 55,,,37.547454,127.089969,24시간 이용가능,BN,블루네트웍스,(주)블루네트웍스,1833-9131,2,20260912133906,20260912122836,20260912133839,,,50,동시,11,11215,G0,G004,N,,N,시설 상황에 따란 이용이 제한될 수 있음,N,,N,2024,1,F,블루네트웍스
서울광진구 구의2동복합청사,BNBN0581,04,04,서울특별시 광진구 천호대로136길 55,,,37.547454,127.089969,24시간 이용가능,BN,블루네트웍스,(주)블루네트웍스,1833-9131,2,20260912025623,20260904183221,20260904194605,,,50,동시,11,11215,G0,G004,N,,N,시설 상황에 따란 이용이 제한될 수 있음,N,,N,2024,1,F,블루네트웍스
광진구 자양4동 공영주차장,BNBN0833,01,04,서울특별시 광진구 자양동 5-5,,,37.5386773,127.0681886,~,BN,블루네트웍스,블루네트웍스,1833-9131,1,20260912025624,20260629135658,20260629141116,,,100,동시,11,11215,B0,B001,N,,N,시설 상황에 따라 이용이 제한될 수 있음,N,,N,2023,1,F,블루네트웍스
광진구 자양4동 공영주차장,BNBN0833,02,04,서울특별시 광진구 자양동 5-5,,,37.5386773,127.0681886,~,BN,블루네트웍스,블루네트웍스,1833-9131,1,20260912025624,20260629135658,20260629141116,,,100,동시,11,11215,B0,B001,N,,N,시설 상황에 따라 이용이 제한될 수 있음,N,,N,2023,1,F,블루네트웍스
광진구 중곡3동마을공원 공영주차장,BNBN0834,01,04,서울특별시 광진구 중곡동 195-1,,,37.5699599,127.0846592,~,BN,블루네트웍스,블루네트웍스,1833-9131,2,20260912025624,20260906083833,20260906092645,,,100,동시,11,11215,B0,B001,N,,N,시설 상황에 따라 이용이 제한될 수 있음,N,,N,2023,1,F,블루네트웍스
광진구 중곡3동마을공원 공영주차장,BNBN0834,02,04,서울특별시 광진구 중곡동 195-1,,,37.5699599,127.0846592,~,BN,블루네트웍스,블루네트웍스,1833-9131,2,20260912025624,20260906083833,20260906092645,,,100,동시,11,11215,B0,B001,N,,N,시설 상황에 따라 이용이 제한될 수 있음,N,,N,2023,1,F,블루네트웍스
구의3동 공영주차장,CV000781,01,06,서울특별시 광진구 광나루로52길 83,"(구의동, 공영주차장)",지하1층 램프내려가서 직진 5M,37.5392495,127.0914441,24시간 이용가능,CV,채비,채비,1522-2573,2,20260909170035,20260909163559,20260909165611,,,50,단독,11,11215,B0,B001,Y,주차료는 운영사 기준이며 실제와 다를 수 있습니다. 방문 전 확인바랍니다.,N,,N,,N,2020,1,B,채비
구의3동 공영주차장,CV000781,02,04,서울특별시 광진구 광나루로52길 83,"(구의동, 공영주차장)",지하1층 램프내려가서 직진 5M,37.5392495,127.0914441,24시간 이용가능,CV,채비,채비,1522-2573,2,20260912204519,20260912200225,20260912204012,,,100,동시,11,11215,B0,B001,Y,주차료는 운영사 기준이며 실제와 다를 수 있습니다. 방문 전 확인바랍니다.,N,,N,,N,2020,1,B,채비
구의3동 공영주차장,CV000781,03,04,서울특별시 광진구 광나루로52길 83,"(구의동, 공영주차장)",지하1층 램프내려가서 직진 5M,37.5392495,127.0914441,24시간 이용가능,CV,채비,채비,1522-2573,2,20260912100518,20260912094826,20260912100305,,,100,동시,11,11215,B0,B001,Y,주차료는 운영사 기준이며 실제와 다를 수 있습니다. 방문 전 확인바랍니다.,N,,N,,N,2020,1,B,채비
구의3동 공영주차장,CV000781,04,04,서울특별시 광진구 광나루로52길 83,"(구의동, 공영주차장)",지하1층 램프내려가서 직진 5M,37.5392495,127.0914441,24시간 이용가능,CV,채비,채비,1522-2573,2,20260912121517,20260912114949,20260912121503,,,100,동시,11,11215,B0,B001,Y,주차료는 운영사 기준이며 실제와 다를 수 있습니다. 방문 전 확인바랍니다.,N,,N,,N,2020,1,B,채비
구의3동 공영주차장,CV000781,05,04,서울특별시 광진구 광나루로52길 83,"(구의동, 공영주차장)",지하1층 램프내려가서 직진 5M,37.5392495,127.0914441,24시간 이용가능,CV,채비,채비,1522-2573,2,20260912200520,20260912190759,20260912200034,,,100,동시,11,11215,B0,B001,Y,주차료는 운영사 기준이며 실제와 다를 수 있습니다. 방문 전 확인바랍니다.,N,,N,,N,2020,1,B,채비
자양4동 전통시장 공영주차장,CV004483,01,04,서울특별시 광진구 뚝섬로 487,(자양동),지하1층 화장실 앞 주차장,37.536788,127.064486,24시간 이용가능,CV,채비,채비,1522-2573,2,20260912185053,20260912180545,20260912184602,,,100,동시,11,11215,B0,B001,N,,N,,N,,N,2025,1,B,채비
자양4동 전통시장 공영주차장,CV004483,02,04,서울특별시 광진구 뚝섬로 487,(자양동),지하1층 화장실 앞 주차장,37.536788,127.064486,24시간 이용가능,CV,채비,채비,1522-2573,2,20260912190550,20260912184157,20260912190046,,,100,동시,11,11215,B0,B001,N,,N,,N,,N,2025,1,B,채비
자양4동 전통시장 공영주차장,CV004483,03,04,서울특별시 광진구 뚝섬로 487,(자양동),지하1층 화장실 앞 주차장,37.536788,127.064486,24시간 이용가능,CV,채비,채비,1522-2573,3,20260912221053,20260912220713,20260912220706,20260912220713,,100,동시,11,11215,B0,B001,N,,N,,N,,N,2025,1,B,채비
자양4동 전통시장 공영주차장,CV004483,04,04,서울특별시 광진구 뚝섬로 487,(자양동),지하1층 화장실 앞 주차장,37.536788,127.064486,24시간 이용가능,CV,채비,채비,1522-2573,2,20260912172550,20260912171919,20260912172506,,,100,동시,11,11215,B0,B001,N,,N,,N,,N,2025,1,B,채비
자양동노상주차장,CV004505,01,04,서울특별시 광진구 자양동 23-9,,지상1층 에프투텔레콤 건물 및 방탈출카페넥스트에디션 건물 사이 주차면,37.5414901,127.0645572,24시간 이용가능,CV,채비,채비,1522-2573,2,20260912204055,20260912201140,20260912203934,,,100,단독,11,11215,B0,B001,Y,주차료는 운영사 기준이며 실제와 다를 수 있습니다. 방문 전 확인바랍니다.,N,,N,,N,2026,1,F,채비
긴고랑길 공영주차장,CV004766,01,04,서울특별시 광진구 긴고랑로47길 3,(중곡동),주차장 옥상 진입 후 우측 맨끝 주차면,37.56068362,127.0948505,24시간 이용가능,CV,채비,채비,1522-2573,2,20260912025054,20260911125945,20260911131805,,,100,단독,11,11215,B0,B001,Y,주차료는 운영사 기준이며 실제와 다를 수 있습니다. 방문 전 확인바랍니다.,N,,N,,N,2026,3,F,채비
어린이대공원 후문주차장,DO000057,01,06,서울특별시 광진구 능동로 216,,주차장 정면 내부,37.551359,127.086401,24시간 이용가능,DO,대한송유관공사,대한송유관공사,1522-7421,2,20260912190539,20260912170855,20260912190539,,,50,단독,11,11215,B0,B002,Y,,N,,N,,N,2017,1,F,시그넷
구의3동 노외주차장,HE240179,01,04,서울특별시 광진구 구의동 217-16,,<지상> 강변파크빌 101동 앞,37.5380409,127.0930634,24시간 이용가능,HE,한국전기차충전서비스,한국전기차충전서비스,1522-1782,2,20260911182500,20260911165031,20260911172956,,,50,단독,11,11215,B0,B001,Y,,N,,N,,N,2025,1,F,중앙제어
광진구청 행정차고지,HE240180,01,04,서울특별시 광진구 천호대로 788,,<지상> 차고지 앞 주차장,37.5457765,127.1005246,24시간 이용가능,HE,한국전기차충전서비스,한국전기차충전서비스,1522-1782,2,20260912122600,20260912115700,20260912122600,,,50,단독,11,11215,A0,A001,Y,,N,,N,,N,2024,1,F,중앙제어
광진구청 행정차고지,HE240180,02,04,서울특별시 광진구 천호대로 788,,<지상> 차고지 앞 주차장,37.5457765,127.1005246,24시간 이용가능,HE,한국전기차충전서비스,한국전기차충전서비스,1522-1782,2,20260912204700,20260912203901,20260912204700,,,105,동시,11,11215,A0,A001,Y,,N,,N,,Y,2024,1,F,중앙제어
광진구청 행정차고지,HE240180,03,04,서울특별시 광진구 천호대로 788,,<지상> 차고지 앞 주차장,37.5457765,127.1005246,24시간 이용가능,HE,한국전기차충전서비스,한국전기차충전서비스,1522-1782,2,20260912203800,20260912202900,20260912203800,,,105,동시,11,11215,A0,A001,Y,,N,,N,,Y,2024,1,F,중앙제어
자양유수지 공영주차장,HE240221,01,04,서울특별시 광진구 뚝섬로52길 74,,<지상> 주차장,37.5296191,127.0769766,24시간 이용가능,HE,한국전기차충전서비스,한국전기차충전서비스,1522-1782,2,20260912151300,20260912143700,20260912151300,,,50,단독,11,11215,B0,B001,N,,N,,N,,N,2024,1,F,중앙제어
자양유수지 공영주차장,HE240221,02,04,서울특별시 광진구 뚝섬로52길 74,,<지상> 주차장,37.5296191,127.0769766,24시간 이용가능,HE,한국전기차충전서비스,한국전기차충전서비스,1522-1782,2,20260909221900,20260909214800,20260909221900,,,50,단독,11,11215,B0,B001,N,,N,,N,,N,2024,1,F,중앙제어
해피차지 아차산역 백악관타워,HP250005,01,04,서울특별시 광진구 천호대로 643,1층 및 지하1층,1층 및 지하 1흥,37.553759057,127.0892142,24시간 이용가능,HP,해피차지,주식회사 해피차지,1600-4887,2,20260912131501,20260912131435,20260912131501,,,50,단독,11,11215,H0,H001,N,,N,,N,,Y,2025,1,F,중앙제어
광진구청 행정차고지(청소과),HY000353,01,04,서울특별시 광진구 천호대로 788,주차장,주차장,37.5455167,127.1007296,24시간 이용가능,HY,현대엔지니어링,현대엔지니어링,1833-3777,2,20260912210704,20260912204511,20260912210512,,,50,단독,11,11215,A0,A001,N,,N,,N,,N,2023,1,F,시그넷
광진 한전부지 임시공영주차장,HY000538,01,04,서울특별시 광진구 능동로 427,주차장,서울특별시 광진구 능동로 427 주차장,37.56729792,127.0841291,24시간 이용가능,HY,현대엔지니어링,현대엔지니어링,1833-8777,2,20260912114505,20260912111247,20260912113122,,,100,동시,11,11215,B0,B004,N,,N,,N,,N,2023,1,F,시그넷
광진 한전부지 임시공영주차장,HY000538,02,04,서울특별시 광진구 능동로 427,주차장,서울특별시 광진구 능동로 427 주차장,37.56729792,127.0841291,24시간 이용가능,HY,현대엔지니어링,현대엔지니어링,1833-8777,2,20260912084704,20260912084645,20260912084645,,,100,동시,11,11215,B0,B004,N,,N,,N,,N,2023,1,F,시그넷
광진 한전부지 임시공영주차장,HY000538,03,04,서울특별시 광진구 능동로 427,주차장,서울특별시 광진구 능동로 427 주차장,37.56729792,127.0841291,24시간 이용가능,HY,현대엔지니어링,현대엔지니어링,1833-8777,2,20260908190205,20260908182942,20260908190034,,,100,동시,11,11215,B0,B004,N,,N,,N,,N,2023,1,F,시그넷
광진 한전부지 임시공영주차장,HY000538,04,04,서울특별시 광진구 능동로 427,주차장,서울특별시 광진구 능동로 427 주차장,37.56729792,127.0841291,24시간 이용가능,HY,현대엔지니어링,현대엔지니어링,1833-8777,2,20260912070804,20260912070704,20260912070704,,,100,동시,11,11215,B0,B004,N,,N,,N,,N,2023,1,F,시그넷
광진 한전부지 임시공영주차장,HY000538,05,04,서울특별시 광진구 능동로 427,주차장,서울특별시 광진구 능동로 427 주차장,37.56729792,127.0841291,24시간 이용가능,HY,현대엔지니어링,현대엔지니어링,1833-8777,2,20260911193904,20260911184322,20260911193824,,,100,동시,11,11215,B0,B004,N,,N,,N,,N,2023,1,F,시그넷
광진 한전부지 임시공영주차장,HY000538,06,04,서울특별시 광진구 능동로 427,주차장,서울특별시 광진구 능동로 427 주차장,37.56729792,127.0841291,24시간 이용가능,HY,현대엔지니어링,현대엔지니어링,1833-8777,2,20260912150504,20260912150401,20260912150401,,,100,동시,11,11215,B0,B004,N,,N,,N,,N,2023,1,F,시그넷
광진 한전부지 임시공영주차장,HY000538,07,04,서울특별시 광진구 능동로 427,주차장,서울특별시 광진구 능동로 427 주차장,37.56729792,127.0841291,24시간 이용가능,HY,현대엔지니어링,현대엔지니어링,1833-8777,2,20260911203105,20260911193445,20260911201903,,,100,동시,11,11215,B0,B004,N,,N,,N,,N,2023,1,F,시그넷
광진 한전부지 임시공영주차장,HY000538,08,04,서울특별시 광진구 능동로 427,주차장,서울특별시 광진구 능동로 427 주차장,37.56729792,127.0841291,24시간 이용가능,HY,현대엔지니어링,현대엔지니어링,1833-8777,2,20260912152204,20260912152144,20260912152144,,,100,동시,11,11215,B0,B004,N,,N,,N,,N,2023,1,F,시그넷
광진 한전부지 임시공영주차장,HY000538,09,04,서울특별시 광진구 능동로 427,주차장,서울특별시 광진구 능동로 427 주차장,37.56729792,127.0841291,24시간 이용가능,HY,현대엔지니어링,현대엔지니어링,1833-8777,2,20260912145904,20260912134040,20260912143252,,,50,단독,11,11215,B0,B004,N,,N,,N,,N,2023,1,F,시그넷
광진 중곡3동 1마을공원,HY000539,01,04,서울특별시 광진구 용마산로33길 25,주차장,주차장,37.5699583,127.0846588,24시간 이용가능,HY,현대엔지니어링,현대엔지니어링,1833-8777,3,20260912223404,20260912223340,20260912184646,20260912223340,,50,단독,11,11215,B0,B004,N,,N,,N,,N,2023,1,B,시그넷
광진 중곡3동 1마을공원,HY000539,02,04,서울특별시 광진구 용마산로33길 25,주차장,주차장,37.5699583,127.0846588,24시간 이용가능,HY,현대엔지니어링,현대엔지니어링,1833-8777,2,20260912155804,20260912153811,20260912155657,,,100,동시,11,11215,B0,B004,N,,N,,N,,N,2023,1,B,시그넷
광진 중곡3동 1마을공원,HY000539,03,04,서울특별시 광진구 용마산로33길 25,주차장,주차장,37.5699583,127.0846588,24시간 이용가능,HY,현대엔지니어링,현대엔지니어링,1833-8777,2,20260912110305,20260912110213,20260912110213,,,100,동시,11,11215,B0,B004,N,,N,,N,,N,2023,1,B,시그넷
광진 능동 공영주차장,HY000540,01,04,서울특별시 광진구 천호대로112길 56,주차장,서울특별시 광진구 천호대로112길 56 주차장,37.5540417,127.0802433,24시간 이용가능,HY,현대엔지니어링,현대엔지니어링,1833-8777,2,20260912111605,20260912094920,20260912105225,,,100,동시,11,11215,B0,B004,N,,N,,N,,N,2023,1,F,시그넷
광진 능동 공영주차장,HY000540,02,04,서울특별시 광진구 천호대로112길 56,주차장,서울특별시 광진구 천호대로112길 56 주차장,37.5540417,127.0802433,24시간 이용가능,HY,현대엔지니어링,현대엔지니어링,1833-8777,2,20260911211005,20260911210921,20260911210921,,,100,동시,11,11215,B0,B004,N,,N,,N,,N,2023,1,F,시그넷
광진 구의2 주택가공동,HY000541,01,04,서울특별시 광진구 자양로 307,주차장,서울특별시 광진구 자양로 307 주차장,37.5529358,127.0928427,24시간 이용가능,HY,현대엔지니어링,현대엔지니어링,1833-8777,2,20260912124604,20260912124418,20260912124522,,,50,단독,11,11215,B0,B004,N,,N,,N,,N,2023,1,F,시그넷
광진 구의2 주택가공동,HY000541,02,04,서울특별시 광진구 자양로 307,주차장,서울특별시 광진구 자양로 307 주차장,37.5529358,127.0928427,24시간 이용가능,HY,현대엔지니어링,현대엔지니어링,1833-8777,2,20260912145004,20260912144121,20260912144857,,,100,동시,11,11215,B0,B004,N,,N,,N,,N,2023,1,F,시그넷
광진 구의2 주택가공동,HY000541,03,04,서울특별시 광진구 자양로 307,주차장,서울특별시 광진구 자양로 307 주차장,37.5529358,127.0928427,24시간 이용가능,HY,현대엔지니어링,현대엔지니어링,1833-8777,2,20260912133404,20260912133307,20260912133307,,,100,동시,11,11215,B0,B004,N,,N,,N,,N,2023,1,F,시그넷
광진 구의3동 공영주차장,HY000542,01,04,서울특별시 광진구 광나루로52길 83,주차장,서울특별시 광진구 광나루로52길 83 주차장,37.5391155,127.091361,24시간 이용가능,HY,현대엔지니어링,현대엔지니어링,1833-8777,2,20260902160705,20260902155038,20260902160615,,,50,단독,11,11215,B0,B004,N,,N,,N,,N,2023,1,B,시그넷
광진 구의3동 공영주차장,HY000542,02,04,서울특별시 광진구 광나루로52길 83,주차장,서울특별시 광진구 광나루로52길 83 주차장,37.5391155,127.091361,24시간 이용가능,HY,현대엔지니어링,현대엔지니어링,1833-8777,2,20260911184104,20260911174421,20260911183141,,,100,동시,11,11215,B0,B004,N,,N,,N,,N,2023,1,B,시그넷
광진 구의3동 공영주차장,HY000542,03,04,서울특별시 광진구 광나루로52길 83,주차장,서울특별시 광진구 광나루로52길 83 주차장,37.5391155,127.091361,24시간 이용가능,HY,현대엔지니어링,현대엔지니어링,1833-8777,2,20260911181005,20260911180930,20260911180930,,,100,동시,11,11215,B0,B004,N,,N,,N,,N,2023,1,B,시그넷
광진 자양유수지 공영주차장,HY000543,01,04,서울특별시 광진구 뚝섬로52길 58,주차장,서울특별시 광진구 뚝섬로52길 58 주차장,37.5295369,127.0782846,24시간 이용가능,HY,현대엔지니어링,현대엔지니어링,1833-8777,2,20260912133006,20260912120814,20260912130659,,,50,단독,11,11215,B0,B004,N,,N,,N,,N,2023,1,F,시그넷
광진 자양유수지 공영주차장,HY000543,02,04,서울특별시 광진구 뚝섬로52길 58,주차장,서울특별시 광진구 뚝섬로52길 58 주차장,37.5295369,127.0782846,24시간 이용가능,HY,현대엔지니어링,현대엔지니어링,1833-8777,2,20260912124204,20260912121856,20260912124024,,,100,동시,11,11215,B0,B004,N,,N,,N,,N,2023,1,F,시그넷
광진 자양유수지 공영주차장,HY000543,03,04,서울특별시 광진구 뚝섬로52길 58,주차장,서울특별시 광진구 뚝섬로52길 58 주차장,37.5295369,127.0782846,24시간 이용가능,HY,현대엔지니어링,현대엔지니어링,1833-8777,2,20260912110204,20260912110112,20260912110112,,,100,동시,11,11215,B0,B004,N,,N,,N,,N,2023,1,F,시그넷
광진 자양유수지 공영주차장,HY000543,04,04,서울특별시 광진구 뚝섬로52길 58,주차장,서울특별시 광진구 뚝섬로52길 58 주차장,37.5295369,127.0782846,24시간 이용가능,HY,현대엔지니어링,현대엔지니어링,1833-8777,2,20260911090306,20260911083742,20260911090150,,,100,동시,11,11215,B0,B004,N,,N,,N,,N,2023,1,F,시그넷
광진 자양유수지 공영주차장,HY000543,05,04,서울특별시 광진구 뚝섬로52길 58,주차장,서울특별시 광진구 뚝섬로52길 58 주차장,37.5295369,127.0782846,24시간 이용가능,HY,현대엔지니어링,현대엔지니어링,1833-8777,2,20260912210007,20260912205940,20260912205940,,,100,동시,11,11215,B0,B004,N,,N,,N,,N,2023,1,F,시그넷
뚝도충전소,KP000216,01,06,서울특별시 광진구 자양3동 510-8,,,37.536346,127.069476,주중/주말 : 24시간,KP,한국전력공사,한국전력,,3,20260912164022,20260912131855,20260912144613,20260912163533,,50,,11,11215,A0,A003,Y,,N,,N,,N,2017,1,B,시그넷
뚝도충전소,KP000216,02,06,서울특별시 광진구 자양3동 510-8,,,37.536346,127.069476,주중/주말 : 24시간,KP,한국전력공사,한국전력,,2,20260912191024,20260912184228,20260912190328,,,50,,11,11215,A0,A003,Y,,N,,N,,N,2017,1,B,시그넷
광진구청 주차장,KP000288,01,06,서울특별시 광진구 자양로 117,,,37.538612,127.082165,주중/주말 : 24시간,KP,한국전력공사,한국전력,02-450-7107,2,20260912214013,20260912182945,20260912212948,,,50,,11,11215,B0,B004,Y,,N,,N,,N,2017,1,B,시그넷
강변테크노마트 주차장,KP000289,01,06,서울특별시 광진구 광나루로 56길 85,,,37.535175,127.095752,주중/주말 : 24시간,KP,한국전력공사,한국전력,02-3424-0453,3,20260912105022,20260912091608,20260912100625,20260912104335,,50,,11,11215,B0,B004,Y,,N,,N,,N,2017,1,B,시그넷
강변테크노마트 주차장,KP000289,02,04,서울특별시 광진구 광나루로 56길 85,,,37.535175,127.095752,주중/주말 : 24시간,KP,한국전력공사,한국전력,02-3424-0453,2,20260912195019,20260912172844,20260912182917,,,50,단독,11,11215,B0,B004,Y,,N,,N,,N,2021,1,B,피에스텍
강변테크노마트 주차장,KP000289,03,04,서울특별시 광진구 광나루로 56길 85,,,37.535175,127.095752,주중/주말 : 24시간,KP,한국전력공사,한국전력,02-3424-0453,2,20260912185013,20260912181936,20260912182834,,,50,단독,11,11215,B0,B004,Y,,N,,N,,N,2021,1,B,피에스텍
강변테크노마트 주차장,KP000289,04,04,서울특별시 광진구 광나루로 56길 85,,,37.535175,127.095752,주중/주말 : 24시간,KP,한국전력공사,한국전력,02-3424-0453,2,20260912144012,20260912134027,20260912143135,,,50,단독,11,11215,B0,B004,Y,,N,,N,,N,2021,1,B,피에스텍
강변테크노마트 주차장,KP000289,05,04,서울특별시 광진구 광나루로 56길 85,,,37.535175,127.095752,주중/주말 : 24시간,KP,한국전력공사,한국전력,02-3424-0453,2,20260912165013,20260912145730,20260912154042,,,50,단독,11,11215,B0,B004,Y,,N,,N,,N,2021,1,B,피에스텍
장로회신학대학교,KP002228,01,06,서울특별시 광진구 광장로5길 25-1,,,37.5502004223,127.1037274139,24시간,KP,한국전력공사,한국전력,,2,20260907183026,20260907164956,20260907170601,,,50,,11,11215,J0,J001,Y,,N,,N,,N,2017,1,B,중앙제어
장로회신학대학교,KP002228,02,06,서울특별시 광진구 광장로5길 25-1,,,37.5502004223,127.1037274139,24시간,KP,한국전력공사,한국전력,,2,20260912162020,20260912143133,20260912150041,,,50,,11,11215,J0,J001,Y,,N,,N,,N,2017,1,B,중앙제어
배나무터 공영주차장,NX000009,01,04,서울특별시 광진구 동일로76나길 20,배나무터 공영주차장 지하 2층,배나무터 공영주차장 지하 2층,37.5684756,127.0802645,24시간 이용가능,NX,넥씽,넥씽,0220591177,2,20260910211637,20260910211330,20260910211637,,,100,동시,11,11215,B0,B001,N,,N,,N,,N,2024,지하 2층,B,
배나무터 공영주차장,NX000009,02,04,서울특별시 광진구 동일로76나길 20,배나무터 공영주차장 지하 2층,배나무터 공영주차장 지하 2층,37.5684756,127.0802645,24시간 이용가능,NX,넥씽,넥씽,0220591177,2,20260912092450,20260912092428,20260912092450,,,100,동시,11,11215,B0,B001,N,,N,,N,,N,2024,지하 2층,B,
서울시 광진구 어린이대공원후문급속,PI000453,02,04,서울특별시 광진구 능동로 216,,"후문방향 진입 꿈마루 사무실 앞(완속), 후문주차장 방범순찰대 근처(급속)",37.551961034,127.08751853,24시간 이용가능,PI,GS차지비,GS차지비,1600-4047,2,20260912215936,20260912205626,20260912215701,,,100,동시,11,11215,D0,D001,Y,,N,,N,,N,2023,1,F,중앙제어
서울시 광진구 어린이대공원후문급속,PI000453,03,04,서울특별시 광진구 능동로 216,,"후문방향 진입 꿈마루 사무실 앞(완속), 후문주차장 방범순찰대 근처(급속)",37.551961034,127.08751853,24시간 이용가능,PI,GS차지비,GS차지비,1600-4047,2,20260912215936,20260912205103,20260912215125,,,100,동시,11,11215,D0,D001,Y,,N,,N,,N,2023,1,F,중앙제어
서울시 광진구 군자건강센터,PI000557,02,04,서울특별시 광진구 군자로 151,,주차장,37.555163837,127.07589161,24시간 이용가능,PI,GS차지비,차지비,1600-4047,2,20260912192150,20260912190324,20260912191910,,,50,단독,11,11215,A0,A002,Y,현장 주차비 확인 필요,N,,N,,N,2023,1,F,중앙제어
서울시 광진구 그랜드워커힐서울,PI200991,05,04,서울특별시 광진구 워커힐로 177,지하2층,지하2층,37.5586287,127.1117068,24시간 이용가능,PI,GS차지비,GS차지비,1600-4047,2,20260911210449,20260911202229,20260911205459,,,100,동시,11,11215,E0,E003,Y,,N,,N,,N,2022,2,B,중앙제어
서울시 광진구 그랜드워커힐서울,PI200991,06,04,서울특별시 광진구 워커힐로 177,지하2층,지하2층,37.5586287,127.1117068,24시간 이용가능,PI,GS차지비,GS차지비,1600-4047,2,20260908145647,20260908135659,20260908144706,,,100,동시,11,11215,E0,E003,Y,,N,,N,,N,2022,2,B,중앙제어
서울시 광진구 자양문화체육센터,PI204059,01,04,서울특별시 광진구 뚝섬로52길 66,주차장,주차장,37.529215519,127.07766798,24시간 이용가능,PI,GS차지비,GS차지비,1600-4047,2,20260912052132,20260912042023,20260912051903,,,100,동시,11,11215,A0,A004,Y,,N,,N,,N,2022,1,F,중앙제어
서울시 광진구 자양문화체육센터,PI204059,02,04,서울특별시 광진구 뚝섬로52길 66,주차장,주차장,37.529215519,127.07766798,24시간 이용가능,PI,GS차지비,GS차지비,1600-4047,3,20260912211642,20260912211517,20260912143126,20260912211642,,100,동시,11,11215,A0,A004,Y,,N,,N,,N,2022,1,F,중앙제어
광진구청,PI645471,01,04,서울특별시 광진구 아차산로 400,,지하1층 광진구청 부설주차장,37.5362819,127.0877531,24시간 이용가능,PI,GS차지비,GS차지비,1544-4279,2,20260905095248,20260905090237,20260905095218,,,50,단독,11,11215,A0,A001,N,,N,,N,,N,2025,1,B,중앙제어
광진구청,PI645471,02,04,서울특별시 광진구 아차산로 400,,지하1층 광진구청 부설주차장,37.5362819,127.0877531,24시간 이용가능,PI,GS차지비,GS차지비,1544-4279,2,20260909155318,20260909152608,20260909155220,,,50,단독,11,11215,A0,A001,N,,N,,N,,N,2025,1,B,중앙제어
이스트폴P1(NC킴스클럽메가박스),PI645478,18,04,서울특별시 광진구 아차산로 402,,,37.536628039,127.08784570,24시간 이용가능,PI,GS차지비,GS차지비,1544-4279,2,20260912125757,20260912120706,20260912125714,,,50,단독,11,11215,E0,E001,N,,N,,N,,N,2025,3,B,중앙제어
이스트폴P1(NC킴스클럽메가박스),PI645478,19,04,서울특별시 광진구 아차산로 402,,,37.536628039,127.08784570,24시간 이용가능,PI,GS차지비,GS차지비,1544-4279,2,20260910120908,20260910112313,20260910120318,,,50,단독,11,11215,E0,E001,N,,N,,N,,N,2025,3,B,중앙제어
이스트폴P1(NC킴스클럽메가박스),PI645478,20,04,서울특별시 광진구 아차산로 402,,,37.536628039,127.08784570,24시간 이용가능,PI,GS차지비,GS차지비,1544-4279,2,20260905153813,20260905145134,20260905153559,,,50,단독,11,11215,E0,E001,N,,N,,N,,N,2025,3,B,중앙제어
이스트폴P1(NC킴스클럽메가박스),PI645478,21,04,서울특별시 광진구 아차산로 402,,,37.536628039,127.08784570,24시간 이용가능,PI,GS차지비,GS차지비,1544-4279,2,20260911165516,20260911154824,20260911162918,,,50,단독,11,11215,E0,E001,N,,N,,N,,N,2025,3,B,중앙제어
이스트폴P1(NC킴스클럽메가박스),PI645478,22,04,서울특별시 광진구 아차산로 402,,,37.536628039,127.08784570,24시간 이용가능,PI,GS차지비,GS차지비,1544-4279,2,20260910133334,20260910113112,20260910123119,,,50,단독,11,11215,E0,E001,N,,N,,N,,N,2025,3,B,중앙제어
이스트폴P1(NC킴스클럽메가박스),PI645478,23,04,서울특별시 광진구 아차산로 402,,,37.536628039,127.08784570,24시간 이용가능,PI,GS차지비,GS차지비,1544-4279,2,20260826114309,20260826113725,20260826113841,,,50,단독,11,11215,E0,E001,N,,N,,N,,N,2025,3,B,중앙제어
이스트폴P1(NC킴스클럽메가박스),PI645478,24,04,서울특별시 광진구 아차산로 402,,,37.536628039,127.08784570,24시간 이용가능,PI,GS차지비,GS차지비,1544-4279,2,20260903150402,20260903141036,20260903150043,,,50,단독,11,11215,E0,E001,N,,N,,N,,N,2025,3,B,중앙제어
이스트폴P1(NC킴스클럽메가박스),PI645478,25,04,서울특별시 광진구 아차산로 402,,,37.536628039,127.08784570,24시간 이용가능,PI,GS차지비,GS차지비,1544-4279,2,20260906185812,20260906180146,20260906185157,,,50,단독,11,11215,E0,E001,N,,N,,N,,N,2025,3,B,중앙제어
이스트폴P3(풀만),PI645479,14,04,서울특별시 광진구 아차산로 402,,,37.537062736,127.08789429,24시간 이용가능,PI,GS차지비,GS차지비,1544-4279,2,20260910155817,20260910150732,20260910155016,,,50,단독,11,11215,E0,E003,N,,N,,N,,N,2025,5,B,중앙제어
이스트폴P3(풀만),PI645479,15,04,서울특별시 광진구 아차산로 402,,,37.537062736,127.08789429,24시간 이용가능,PI,GS차지비,GS차지비,1544-4279,2,20260910104820,20260910084820,20260910093827,,,50,단독,11,11215,E0,E003,N,,N,,N,,N,2025,5,B,중앙제어
이스트폴P3(풀만),PI645479,16,04,서울특별시 광진구 아차산로 402,,,37.537062736,127.08789429,24시간 이용가능,PI,GS차지비,GS차지비,1544-4279,2,20260701045459,20260623115357,20260623115807,,,50,단독,11,11215,E0,E003,N,,N,,N,,N,2025,5,B,중앙제어
이스트폴P3(풀만),PI645479,17,04,서울특별시 광진구 아차산로 402,,,37.537062736,127.08789429,24시간 이용가능,PI,GS차지비,GS차지비,1544-4279,2,20260912105754,20260912095635,20260912105642,,,50,단독,11,11215,E0,E003,N,,N,,N,,N,2025,5,B,중앙제어
이스트폴P3(풀만),PI645479,18,04,서울특별시 광진구 아차산로 402,,,37.537062736,127.08789429,24시간 이용가능,PI,GS차지비,GS차지비,1544-4279,2,20260910214830,20260910210739,20260910214618,,,50,단독,11,11215,E0,E003,N,,N,,N,,N,2025,5,B,중앙제어
이스트폴P3(풀만),PI645479,19,04,서울특별시 광진구 아차산로 402,,,37.537062736,127.08789429,24시간 이용가능,PI,GS차지비,GS차지비,1544-4279,2,20260909145515,20260909140045,20260909143801,,,50,단독,11,11215,E0,E003,N,,N,,N,,N,2025,5,B,중앙제어
이스트폴P3(풀만),PI645479,20,04,서울특별시 광진구 아차산로 402,,,37.537062736,127.08789429,24시간 이용가능,PI,GS차지비,GS차지비,1544-4279,2,20260911181758,20260911175939,20260911181709,,,50,단독,11,11215,E0,E003,N,,N,,N,,N,2025,5,B,중앙제어
건국대학교병원응급실,PI755277,01,04,서울특별시 광진구 능동로 120,,건국대학교 병원 응급실 앞,37.5391827,127.0747119,24시간 이용가능,PI,GS차지비,GS차지비,1544-4279,2,20260911103319,20260911093705,20260911102836,,,50,단독,11,11215,I0,I001,Y,,N,,N,,N,2024,1,F,
어린이대공원 후문주차장,SE000019,01,04,서울특별시 광진구 능동로 216,(서울특별시 광진구 천호대로124길 11 전기차충전소),후문주차장,37.551441604,127.08630137,"주중 08:00~19:00, 주말 09:00~18:00",SE,서울시,서울시,02-2640-5199,2,20260912170037,20260912164153,20260912170023,,,50,단독,11,11215,B0,B001,N,,N,,N,,N,2021,1,F,한국알박
광진구 자양동 거주자우선주차장 가로등형 충전기,SE000035,01,04,서울특별시 광진구 자양번영로3길 65,(서울특별시 광진구 뚝섬로36길 39 전기차충전소),구획번호 620-2 옆,37.532648,127.0708789,24시간 이용가능,SE,서울시,서울시,02-2640-5199,3,20260912214037,20260912214011,20260912172615,20260912214011,,50,단독,11,11215,H0,H001,Y,,N,,N,,N,2022,1,F,
어린이대공원 구의문 주차장 복합충전소,SE000043,01,04,서울특별시 광진구 능동로 216,"(능동, 어린이대공원 구의문공영주차장) 지상1층 진입로 정면 10M지점",구의문 주차장,37.545986982,127.08502770,24시간 이용가능,SE,서울시,서울시,02-2640-5199,2,20260912171437,20260912163939,20260912171409,,,200,동시,11,11215,B0,B001,N,,N,,N,,N,2022,1,F,
어린이대공원 구의문 주차장 복합충전소,SE000043,02,04,서울특별시 광진구 능동로 216,"(능동, 어린이대공원 구의문공영주차장) 지상1층 진입로 정면 10M지점",구의문 주차장,37.545986982,127.08502770,24시간 이용가능,SE,서울시,서울시,02-2640-5199,2,20260912192137,20260912191024,20260912192048,,,200,동시,11,11215,B0,B001,N,,N,,N,,N,2022,1,F,
어린이대공원 구의문 주차장 복합충전소,SE000043,03,04,서울특별시 광진구 능동로 216,"(능동, 어린이대공원 구의문공영주차장) 지상1층 진입로 정면 10M지점",구의문 주차장,37.545986982,127.08502770,24시간 이용가능,SE,서울시,서울시,02-2640-5199,2,20260912184937,20260912175642,20260912184847,,,200,동시,11,11215,B0,B001,N,,N,,N,,N,2022,1,F,
어린이대공원 구의문 주차장 복합충전소,SE000043,04,04,서울특별시 광진구 능동로 216,"(능동, 어린이대공원 구의문공영주차장) 지상1층 진입로 정면 10M지점",구의문 주차장,37.545986982,127.08502770,24시간 이용가능,SE,서울시,서울시,02-2640-5199,2,20260912185537,20260912182840,20260912185235,,,200,동시,11,11215,B0,B001,N,,N,,N,,N,2022,1,F,
어린이대공원 구의문 주차장 복합충전소,SE000043,05,04,서울특별시 광진구 능동로 216,"(능동, 어린이대공원 구의문공영주차장) 지상1층 진입로 정면 10M지점",구의문 주차장,37.545986982,127.08502770,24시간 이용가능,SE,서울시,서울시,02-2640-5199,2,20260911083337,20260911075858,20260911083317,,,200,동시,11,11215,B0,B001,N,,N,,N,,N,2022,1,F,
어린이대공원 구의문 주차장 복합충전소,SE000043,06,04,서울특별시 광진구 능동로 216,"(능동, 어린이대공원 구의문공영주차장) 지상1층 진입로 정면 10M지점",구의문 주차장,37.545986982,127.08502770,24시간 이용가능,SE,서울시,서울시,02-2640-5199,2,20260912191037,20260912182513,20260912191016,,,200,동시,11,11215,B0,B001,N,,N,,N,,N,2022,1,F,
자양우성1차아파트 앞 전기차 충전소,SE000054,01,04,서울특별시 광진구 자양번영로 45,노상공영주차장 유료 42번,노상공영주차장 유료 42번,37.533865784,127.07583823,24시간 이용가능,SE,서울시,서울에너지공사,02-2640-5199,2,20260912164737,20260912164555,20260912164717,,,50,단독,11,11215,B0,B001,N,,N,,N,,N,2023,1,F,
자양한양아파트 앞 전기차 충전소,SE000055,01,04,서울특별시 광진구 구의강변로 11,정문 앞 유료 48번,정문 앞 유료 48번,37.531773223,127.09169799,24시간 이용가능,SE,서울시,서울에너지공사,02-2640-5199,3,20260912215237,20260912215226,20260912210828,20260912215226,,50,단독,11,11215,B0,B001,N,,N,,N,,N,2023,1,F,
중곡동 복개천 노상공영주차장(중곡동우체국 앞),SE000068,01,04,서울특별시 광진구 긴고랑로 66,중곡동우체국 앞,,37.5617062,127.083212,24시간 이용가능,SE,서울시,서울에너지공사,02-2640-5199,2,20260912215237,20260912200022,20260912215235,,,50,단독,11,11215,B0,B001,N,,N,,N,,N,2023,1,F,보타리에너지
한화꿈에그린아파트 거주자우선주차장,SE000069,01,04,서울특별시 광진구 자양동 97-1,신양중학교 정문 앞,신양중학교 정문 앞,37.532593767,127.06326722,24시간 이용가능,SE,서울시,서울에너지공사,02-2640-5199,2,20260912191437,20260912184354,20260912191351,,,50,단독,11,11215,B0,B004,N,,N,,N,,N,2023,1,F,보타리에너지
50동부캠퍼스,SE000124,11,04,서울특별시 광진구 능동로3길 66-12,50 동부캠퍼스,,37.534806037,127.06369077,24시간 이용가능,SE,서울시,서울에너지공사,02-2640-5199,2,20260909104437,20260909104605,20260909104618,,,50,단독,11,11215,A0,A004,Y,,N,,N,,N,2024,1,F,채비
50동부캠퍼스,SE000124,12,04,서울특별시 광진구 능동로3길 66-12,50 동부캠퍼스,,37.534806037,127.06369077,24시간 이용가능,SE,서울시,서울에너지공사,02-2640-5199,2,20260909103837,20260909103639,20260909103748,,,100,단독,11,11215,A0,A004,Y,,N,,N,,N,2024,1,F,채비
50동부캠퍼스,SE000124,13,04,서울특별시 광진구 능동로3길 66-12,50 동부캠퍼스,,37.534806037,127.06369077,24시간 이용가능,SE,서울시,서울에너지공사,02-2640-5199,2,20260902123736,20260902115729,20260902123651,,,100,단독,11,11215,A0,A004,Y,,N,,N,,N,2024,1,F,채비
광진구민체육센터,ST112102,01,04,서울특별시 광진구 구천면로 14,,"급속(지상주차장 차단기 우측),완속(지하1층 주차장 정면)",37.546312,127.106484,"주중 08:00~19:00, 주말 09:00~18:00",ST,SK일렉링크,SK일렉링크,1566-1704,2,20260912222737,20260912121517,20260912222544,,,100,단독,11,11215,A0,A004,N,,N,,N,,N,2022,1,F,중앙제어
광진구민체육센터,ST112102,02,04,서울특별시 광진구 구천면로 14,,"급속(지상주차장 차단기 우측),완속(지하1층 주차장 정면)",37.546312,127.106484,"주중 08:00~19:00, 주말 09:00~18:00",ST,SK일렉링크,SK일렉링크,1566-1704,2,20260912183046,20260912131058,20260912182724,,,100,단독,11,11215,A0,A004,N,,N,,N,,N,2022,1,F,중앙제어
국립정신건강센터,ST112103,01,04,서울특별시 광진구 용마산로 127,,"지상1층주차장,지하주차장 1층 정면",37.5650863,127.0857767,24시간 이용가능,ST,SK일렉링크,SK일렉링크,1566-1704,3,20260912215538,20260912191310,20260912202849,20260912215538,,100,동시,11,11215,I0,I001,N,,N,,N,,N,2022,1,F,중앙제어
국립정신건강센터,ST112103,02,04,서울특별시 광진구 용마산로 127,,"지상1층주차장,지하주차장 1층 정면",37.5650863,127.0857767,24시간 이용가능,ST,SK일렉링크,SK일렉링크,1566-1704,3,20260912220933,20260912220933,20260912195954,20260912185850,,100,동시,11,11215,I0,I001,N,,N,,N,,N,2022,1,F,중앙제어
